"path","bytes","format","object","class","nrow","ncol","columns","notes"
"data/generated/outputs/00_2013/CBS_SOY.csv",424,"csv",,,,,,"not an R serialisation; size recorded only"
"data/generated/outputs/00_2013/CBS_SOY.rds",378,"rds","CBS_SOY.rds","data.frame",3,13,"domestic_supply|production|export|import|food|feed|seed|other|processing|stock_withdrawal|stock_addition|dom_supply_side|dom_use_side",""
"data/generated/outputs/00_2013/EXP_MUN_SOY_00.rds",33375,"rds","EXP_MUN_SOY_00.rds","tbl_df/tbl/data.frame",2255,10,"co_mun|nm_mun|co_state|nm_state|HS4|product|co_destin|nm_destin|export|export_dol",""
"data/generated/outputs/00_2013/FAO_consistency.rds",297,"rds","FAO_consistency.rds","data.frame",2,9,"prod|exp_bean|exp_oil|exp_cake|imp_bean|imp_oil|imp_cake|proc_cap|ref_cap",""
"data/generated/outputs/00_2013/GEO_BRA_EXT.dbf",78,"dbf",,,,,,"not an R serialisation; size recorded only"
"data/generated/outputs/00_2013/GEO_BRA_EXT.prj",380,"prj",,,,,,"not an R serialisation; size recorded only"
"data/generated/outputs/00_2013/GEO_BRA_EXT.shp",236,"shp",,,,,,"not an R serialisation; size recorded only"
"data/generated/outputs/00_2013/GEO_BRA_EXT.shx",108,"shx",,,,,,"not an R serialisation; size recorded only"
"data/generated/outputs/00_2013/GEO_BRA.dbf",78,"dbf",,,,,,"not an R serialisation; size recorded only"
"data/generated/outputs/00_2013/GEO_BRA.prj",380,"prj",,,,,,"not an R serialisation; size recorded only"
"data/generated/outputs/00_2013/GEO_BRA.shp",4459460,"shp",,,,,,"not an R serialisation; size recorded only"
"data/generated/outputs/00_2013/GEO_BRA.shx",108,"shx",,,,,,"not an R serialisation; size recorded only"
"data/generated/outputs/00_2013/GEO_MUN_SOY_00.rds",15526206,"rds","GEO_MUN_SOY_00.rds","sf/data.frame",5570,42,"co_mun|nm_mun|code_state|abbrev_state|co_state|nm_state|area_plant|area_harv|prod_bean|exp_bean|exp_bean_d|exp_oil|exp_oil_d|exp_cake|exp_cake_d|imp_bean|imp_bean_d|imp_oil|imp_oil_d|imp_cake|imp_cake_d|proc_fac|proc_cap|ref_fac|ref_cap|bot_cap|population|cattle|cattle_milked|buffalo|horse|pig|pig_mother|goat|sheep|chicken|chicken_layer|quail|storage_cap|oil_acq_pc|diesel_cap_soy|geom",""
"data/generated/outputs/00_2013/GEO_MUN_SOY.gpkg",23592960,"gpkg",,,,,,"not an R serialisation; size recorded only"
"data/generated/outputs/00_2013/IMP_MUN_SOY_00.rds",1516,"rds","IMP_MUN_SOY_00.rds","tbl_df/tbl/data.frame",47,10,"co_mun|nm_mun|co_state|nm_state|HS4|product|co_origin|nm_origin|import|import_dol",""
"data/generated/outputs/00_2013/MUN_capital_dist.rds",233025377,"rds","MUN_capital_dist.rds","units",31047184,,,""
"data/generated/outputs/00_2013/MUN_capitals.gpkg",819200,"gpkg",,,,,,"not an R serialisation; size recorded only"
"data/generated/outputs/00_2013/MUN_capitals.rds",226649,"rds","MUN_capitals.rds","sf/data.frame",5572,5,"co_mun|nm_mun|LONG|LAT|geometry",""
"data/generated/outputs/00_2013/MUN_center_dist.rds",232875136,"rds","MUN_center_dist.rds","units",31024900,,,""
"data/generated/outputs/00_2013/SOY_MUN_00.rds",257147,"rds","SOY_MUN_00.rds","data.frame",5570,39,"co_mun|nm_mun|co_state|nm_state|area_plant|area_harv|prod_bean|exp_bean|exp_bean_d|exp_oil|exp_oil_d|exp_cake|exp_cake_d|imp_bean|imp_bean_d|imp_oil|imp_oil_d|imp_cake|imp_cake_d|proc_fac|proc_cap|ref_fac|ref_cap|bot_cap|population|cattle|cattle_milked|buffalo|horse|pig|pig_mother|goat|sheep|chicken|chicken_layer|quail|storage_cap|oil_acq_pc|diesel_cap_soy",""
"data/generated/outputs/00_2013/SOY_MUN.csv",816114,"csv",,,,,,"not an R serialisation; size recorded only"
"data/generated/outputs/01_2013/GEO_MUN_SOY_01.rds",15634937,"rds","GEO_MUN_SOY_01.rds","sf/data.frame",5570,50,"co_mun|nm_mun|code_state|abbrev_state|co_state|nm_state|area_plant|area_harv|prod_bean|exp_bean|exp_bean_d|exp_oil|exp_oil_d|exp_cake|exp_cake_d|imp_bean|imp_bean_d|imp_oil|imp_oil_d|imp_cake|imp_cake_d|proc_fac|proc_cap|ref_fac|ref_cap|bot_cap|population|cattle|cattle_milked|buffalo|horse|pig|pig_mother|goat|sheep|chicken|chicken_layer|quail|storage_cap|oil_acq_pc|diesel_cap_soy|proc_bean|prod_oil|prod_cake|food_bean|food_oil|other_oil|seed_bean|stock_bean|geom",""
"data/generated/outputs/01_2013/SOY_MUN_01.rds",366656,"rds","SOY_MUN_01.rds","data.frame",5570,47,"co_mun|nm_mun|co_state|nm_state|area_plant|area_harv|prod_bean|exp_bean|exp_bean_d|exp_oil|exp_oil_d|exp_cake|exp_cake_d|imp_bean|imp_bean_d|imp_oil|imp_oil_d|imp_cake|imp_cake_d|proc_fac|proc_cap|ref_fac|ref_cap|bot_cap|population|cattle|cattle_milked|buffalo|horse|pig|pig_mother|goat|sheep|chicken|chicken_layer|quail|storage_cap|oil_acq_pc|diesel_cap_soy|proc_bean|prod_oil|prod_cake|food_bean|food_oil|other_oil|seed_bean|stock_bean",""
"data/generated/outputs/02_2013/GEO_MUN_SOY_02.rds",15783375,"rds","GEO_MUN_SOY_02.rds","sf/tbl_df/tbl/data.frame",5570,64,"co_mun|nm_mun|code_state|abbrev_state|co_state|nm_state|area_plant|area_harv|prod_bean|exp_bean|exp_bean_d|exp_oil|exp_oil_d|exp_cake|exp_cake_d|imp_bean|imp_bean_d|imp_oil|imp_oil_d|imp_cake|imp_cake_d|proc_fac|proc_cap|ref_fac|ref_cap|bot_cap|population|cattle|cattle_milked|cattle_gra_dair|cattle_mix_dair|cattle_gra_meat|cattle_mix_meat|cattle_flot|buffalo|buffalo_gra_dair|buffalo_mix_dair|buffalo_gra_meat|buffalo_mix_meat|horse|pig|pig_mother|pig_byd|pig_int|pig_ind|goat|sheep|chicken|chicken_byd|chicken_lay|chicken_bro|quail|storage_cap|oil_acq_pc|diesel_cap_soy|proc_bean|prod_oil|prod_cake|food_bean|food_oil|other_oil|seed_bean|stock_bean|geom",""
"data/generated/outputs/02_2013/LIVESTOCK_MUN_02.rds",344287,"rds","LIVESTOCK_MUN_02.rds","data.frame",5570,27,"co_mun|nm_mun|cattle|cattle_milked|cattle_gra_dair|cattle_mix_dair|cattle_gra_meat|cattle_mix_meat|cattle_flot|buffalo|buffalo_gra_dair|buffalo_mix_dair|buffalo_gra_meat|buffalo_mix_meat|horse|pig|pig_mother|pig_byd|pig_int|pig_ind|goat|sheep|chicken|chicken_byd|chicken_lay|chicken_bro|quail",""
"data/generated/outputs/02_2013/SOY_MUN_02.rds",514897,"rds","SOY_MUN_02.rds","data.frame",5570,61,"co_mun|nm_mun|co_state|nm_state|area_plant|area_harv|prod_bean|exp_bean|exp_bean_d|exp_oil|exp_oil_d|exp_cake|exp_cake_d|imp_bean|imp_bean_d|imp_oil|imp_oil_d|imp_cake|imp_cake_d|proc_fac|proc_cap|ref_fac|ref_cap|bot_cap|population|cattle|cattle_milked|cattle_gra_dair|cattle_mix_dair|cattle_gra_meat|cattle_mix_meat|cattle_flot|buffalo|buffalo_gra_dair|buffalo_mix_dair|buffalo_gra_meat|buffalo_mix_meat|horse|pig|pig_mother|pig_byd|pig_int|pig_ind|goat|sheep|chicken|chicken_byd|chicken_lay|chicken_bro|quail|storage_cap|oil_acq_pc|diesel_cap_soy|proc_bean|prod_oil|prod_cake|food_bean|food_oil|other_oil|seed_bean|stock_bean",""
"data/generated/outputs/03_2013/bean_feed_t.rds",130978,"rds","bean_feed_t.rds","data.frame",5570,15,"cattle_gra_meat|cattle_gra_dair|cattle_mix_meat|cattle_mix_dair|cattle_flot|buffalo_gra_meat|buffalo_gra_dair|buffalo_mix_meat|buffalo_mix_dair|chicken_byd|chicken_lay|chicken_bro|pig_byd|pig_int|pig_ind",""
"data/generated/outputs/03_2013/cake_feed_t.rds",294387,"rds","cake_feed_t.rds","data.frame",5570,15,"cattle_gra_meat|cattle_gra_dair|cattle_mix_meat|cattle_mix_dair|cattle_flot|buffalo_gra_meat|buffalo_gra_dair|buffalo_mix_meat|buffalo_mix_dair|chicken_byd|chicken_lay|chicken_bro|pig_byd|pig_int|pig_ind",""
"data/generated/outputs/03_2013/GEO_MUN_SOY_03.rds",15867629,"rds","GEO_MUN_SOY_03.rds","sf/tbl_df/tbl/data.frame",5570,66,"co_mun|nm_mun|code_state|abbrev_state|co_state|nm_state|area_plant|area_harv|prod_bean|exp_bean|exp_bean_d|exp_oil|exp_oil_d|exp_cake|exp_cake_d|imp_bean|imp_bean_d|imp_oil|imp_oil_d|imp_cake|imp_cake_d|proc_fac|proc_cap|ref_fac|ref_cap|bot_cap|population|cattle|cattle_milked|cattle_gra_dair|cattle_mix_dair|cattle_gra_meat|cattle_mix_meat|cattle_flot|buffalo|buffalo_gra_dair|buffalo_mix_dair|buffalo_gra_meat|buffalo_mix_meat|horse|pig|pig_mother|pig_byd|pig_int|pig_ind|goat|sheep|chicken|chicken_byd|chicken_lay|chicken_bro|quail|storage_cap|oil_acq_pc|diesel_cap_soy|proc_bean|prod_oil|prod_cake|food_bean|food_oil|other_oil|seed_bean|stock_bean|geom|feed_bean|feed_cake",""
"data/generated/outputs/03_2013/SOY_MUN_03.rds",598750,"rds","SOY_MUN_03.rds","data.frame",5570,63,"co_mun|nm_mun|co_state|nm_state|area_plant|area_harv|prod_bean|exp_bean|exp_bean_d|exp_oil|exp_oil_d|exp_cake|exp_cake_d|imp_bean|imp_bean_d|imp_oil|imp_oil_d|imp_cake|imp_cake_d|proc_fac|proc_cap|ref_fac|ref_cap|bot_cap|population|cattle|cattle_milked|cattle_gra_dair|cattle_mix_dair|cattle_gra_meat|cattle_mix_meat|cattle_flot|buffalo|buffalo_gra_dair|buffalo_mix_dair|buffalo_gra_meat|buffalo_mix_meat|horse|pig|pig_mother|pig_byd|pig_int|pig_ind|goat|sheep|chicken|chicken_byd|chicken_lay|chicken_bro|quail|storage_cap|oil_acq_pc|diesel_cap_soy|proc_bean|prod_oil|prod_cake|food_bean|food_oil|other_oil|seed_bean|stock_bean|feed_bean|feed_cake",""
"data/generated/outputs/04_2013/btd_exp_BRA_soy.rds",2319,"rds","btd_exp_BRA_soy.rds","data.table/data.frame",576,5,"year|item_code|from_code|to_code|value",""
"data/generated/outputs/04_2013/btd_imp_BRA_soy.rds",2319,"rds","btd_imp_BRA_soy.rds","data.table/data.frame",576,5,"year|item_code|from_code|to_code|value",""
"data/generated/outputs/04_2013/EXP_MUN_SOY.rds",34572,"rds","EXP_MUN_SOY.rds","tbl_df/tbl/data.frame",2254,11,"co_mun|nm_mun|co_state|nm_state|HS4|product|item_code|to_code|to_name|export|export_dol",""
"data/generated/outputs/04_2013/EXP_NAT_SOY.rds",13266,"rds","EXP_NAT_SOY.rds","tbl_df/tbl/data.frame",576,11,"product|item_code|to_code|to_name|export|export_dol|export_btd_exp|export_btd_exp_pure|export_btd_imp|FAO_trade_mat|comex_fao_diff",""
"data/generated/outputs/04_2013/IMP_MUN_SOY.rds",1564,"rds","IMP_MUN_SOY.rds","tbl_df/tbl/data.frame",47,11,"co_mun|nm_mun|co_state|nm_state|HS4|product|item_code|from_code|from_name|import|import_dol",""
"data/generated/outputs/04_2013/IMP_NAT_SOY.rds",5702,"rds","IMP_NAT_SOY.rds","tbl_df/tbl/data.frame",576,9,"product|item_code|from_code|from_name|import|import_dol|import_btd_exp|import_btd_ex_pure|import_btd_imp",""
"data/generated/outputs/04_2013/regions.csv",48611,"csv",,,,,,"not an R serialisation; size recorded only"
"data/generated/outputs/04_2013/regions.rds",13835,"rds","regions.rds","data.frame",294,21,"CO_COMEX|CO_FAO|CO_BTD|ISO_BTD|CO_PAIS_ISON3|CO_PAIS_ISOA3|NO_PAIS|NO_PAIS_ING|NO_PAIS_ESP|name|eia|iea|water_code|water_area|baci|fish|region_code|region|cbs|EU27|btd",""
"data/generated/outputs/05_2013/CBS_SOY_bal.rds",409,"rds","CBS_SOY_bal.rds","data.frame",3,15,"domestic_supply|production|export|import|food|feed|seed|other|processing|stock_withdrawal|stock_addition|dom_supply_side|dom_use_side|total_supply|total_use",""
"data/generated/outputs/05_2013/EXP_MUN_SOY_cbs.rds",47627,"rds","EXP_MUN_SOY_cbs.rds","tbl_df/tbl/data.frame",2254,11,"co_mun|nm_mun|co_state|nm_state|HS4|product|item_code|to_code|to_name|export|export_dol",""
"data/generated/outputs/05_2013/GEO_MUN_SOY_fin.rds",16137092,"rds","GEO_MUN_SOY_fin.rds","sf/tbl_df/tbl/data.frame",5570,78,"co_mun|nm_mun|code_state|abbrev_state|co_state|nm_state|area_plant|area_harv|prod_bean|exp_bean|exp_bean_d|exp_oil|exp_oil_d|exp_cake|exp_cake_d|imp_bean|imp_bean_d|imp_oil|imp_oil_d|imp_cake|imp_cake_d|proc_fac|proc_cap|ref_fac|ref_cap|bot_cap|population|cattle|cattle_milked|cattle_gra_dair|cattle_mix_dair|cattle_gra_meat|cattle_mix_meat|cattle_flot|buffalo|buffalo_gra_dair|buffalo_mix_dair|buffalo_gra_meat|buffalo_mix_meat|horse|pig|pig_mother|pig_byd|pig_int|pig_ind|goat|sheep|chicken|chicken_byd|chicken_lay|chicken_bro|quail|storage_cap|oil_acq_pc|diesel_cap_soy|proc_bean|prod_oil|prod_cake|food_bean|food_oil|other_oil|seed_bean|stock_bean|geom|feed_bean|feed_cake|total_supply_bean|total_supply_oil|total_supply_cake|total_use_bean|total_use_oil|total_use_cake|excess_supply_bean|excess_supply_oil|excess_supply_cake|excess_use_bean|excess_use_oil|excess_use_cake",""
"data/generated/outputs/05_2013/IMP_MUN_SOY_cbs.rds",1825,"rds","IMP_MUN_SOY_cbs.rds","tbl_df/tbl/data.frame",47,11,"co_mun|nm_mun|co_state|nm_state|HS4|product|item_code|from_code|from_name|import|import_dol",""
"data/generated/outputs/05_2013/SOY_MUN_fin.rds",675944,"rds","SOY_MUN_fin.rds","data.frame",5570,42,"co_mun|nm_mun|co_state|nm_state|area_plant|area_harv|prod_bean|exp_bean|exp_oil|exp_cake|imp_bean|imp_oil|imp_cake|oil_acq_pc|diesel_cap_soy|proc_bean|prod_oil|prod_cake|food_bean|food_oil|other_oil|seed_bean|stock_bean|stock_oil|stock_cake|feed_bean|feed_cake|total_supply_bean|total_supply_oil|total_supply_cake|total_use_bean|total_use_oil|total_use_cake|excess_supply_bean|excess_supply_oil|excess_supply_cake|excess_use_bean|excess_use_oil|excess_use_cake|domestic_use_bean|domestic_use_oil|domestic_use_cake",""
"data/generated/outputs/07_2013/flows_euclid.rds",229925,"rds","flows_euclid.rds","list",1,,"euclid",""
"data/generated/outputs/08_2013/flows_mu.rds",356019,"rds","flows_mu.rds","data.table/data.frame",18774,5,"co_orig|co_dest|product|euclid|mean",""
"data/generated/outputs/08_2013/source_to_export_list.rds",348565,"rds","source_to_export_list.rds","list",1,,"euclid",""
"data/generated/outputs/08_2013/source_to_export_mean.rds",696999,"rds","source_to_export_mean.rds","list",2,,"euclid|multimode_mean",""
"data/generated/outputs/12_2013/btd_final.rds",14083100,"rds","btd_final.rds","data.table/data.frame",2068993,6,"year|item_code|from_code|to_code|value|comm_code",""
"data/generated/outputs/12_2013/cbs_full.rds",1842065,"rds","cbs_full.rds","data.table/data.frame",34790,26,"year|item_code|item|area_code|area|total_supply|exports|feed|food|imports|losses|other|processing|production|residuals|seed|stock_withdrawal|tourist|stock_addition|balancing|domestic_supply|domestic_use|use|unspecified|dom_use|total_use",""
"data/generated/outputs/12_2013/reex.rds",14256583,"rds","reex.rds","list",140,,"2807|2511|2513|2514|2515|2516|2517|2518|2520|2531|2532|2533|2534|2535|2536|2537|2546|2547|2549|2551|2555|2552|2557|2558|328|2560|2561|254|2563|2570|2601|2602|2605|2611|2612|2613|2614|2615|2616|2617|2618|2619|2620|2625|2630|2633|2635|677|2640|2641|2642|2645|2662|2663|2664|2665|2666|2667|2671|2672|2000|2001|2559|2562|2541|2542|2543|2571|2572|2573|2574|2575|2576|2577|2578|2579|2580|2581|2582|2586|2590|2591|2592|2593|2594|2595|2596|2597|2598|2655|2656|2657|2658|2659|2661|866|946|976|1016|1034|2029|1096|1107|1110|1126|1157|1140|1150|2848|2740|2744|2746|2731|2732|2733|2734|2735|2736|2737|2748|2745|2747|3001|3002|3003|3004|3005|3007|3101|3102|3103|3104|3105|3107|3201|3202|3203|3204|3205|3207",""
